,atomic_number,atomic_radius,atomic_radius_rahm,atomic_volume,atomic_weight,boiling_point,bulk_modulus,c6_gb,covalent_radius_cordero,covalent_radius_pyykko,covalent_radius_pyykko_double,covalent_radius_pyykko_triple,covalent_radius_slater,density,dipole_polarizability,electron_negativity,electron_affinity,en_allen,en_ghosh,en_pauling,first_ion_en,fusion_enthalpy,gs_bandgap,gs_energy,gs_est_bcc_latcnt,gs_est_fcc_latcnt,gs_mag_moment,gs_volume_per,hhi_p,hhi_r,heat_capacity_mass,heat_capacity_molar,icsd_volume,evaporation_heat,heat_of_formation,lattice_constant,mendeleev_number,melting_point,molar_volume,num_unfilled,num_valance,num_d_unfilled,num_d_valence,num_f_unfilled,num_f_valence,num_p_unfilled,num_p_valence,num_s_unfilled,num_s_valence,period,specific_heat,thermal_conductivity,vdw_radius,vdw_radius_alvarez,vdw_radius_mm3,vdw_radius_uff,sound_velocity,Polarizability
Li,0.0,0.27741935483870966,0.0641025641025641,0.12461538461538461,0.0,0.10510507718058398,0.02484143763213531,0.18893866831453732,0.21621621621621623,0.23846153846153847,0.2857142857142857,0.3751737919228982,0.28125,0.0,0.36979817587151326,0.10857142857142854,0.5511567603462485,0.1692093577656225,0.07064273650657724,0.11801242236024842,0.22718987499213159,0.016319942611190817,0.0,0.9129212794891433,0.1941862250470136,0.1941862251184299,0.0,0.0806797991193511,0.2159090909090909,0.43023255813953487,1.0,0.40885024530043235,0.1590962579430454,0.1772852848467146,0.10690768237572629,0.17883755588673625,0.04878048780487805,0.07461816244376036,0.12361930700559842,0.045454545454545456,0.0,0.0,0.0,0.0,0.0,0.0,0.0,1.0,0.5,0.0,1.0,0.19723383066054856,0.15263157894736842,0.15,0.27049180327868855,0.0,0.4253817107207355,0.37103423552607995
Be,0.0125,0.0,0.05128205128205128,0.0,0.010256280922033411,0.5002789659661522,0.339323467230444,0.0041711725629538085,0.0,0.0,0.0,0.0,0.03125,0.05962969685968415,0.033983035073257645,0.44571428571428573,0.0,0.580627600978439,0.3078807773733914,0.4844720496894411,0.823444871931968,0.10410688665710185,0.0,0.7577216607887609,0.0,0.0,0.0,0.0,0.7954545454545454,0.4069767441860465,0.4921965317919075,0.0,0.0,0.3732276948166539,0.3195610071013557,0.0,0.8414634146341463,0.36982003315178785,0.0,0.0,0.03571428571428571,0.0,0.0,0.0,0.0,0.0,0.0,0.0,1.0,0.0,0.5052005943536405,0.44155396915516426,0.0,0.0625,0.00819672131147541,0.14230396902226528,1.0,0.03531098763219215
Na,0.1,0.5032258064516129,0.1282051282051282,0.2876923076923077,0.0794384156832,0.11216291612423282,0.012420718816067652,0.21365672794685617,0.47297297297297297,0.4076923076923077,0.5882352941176471,0.36754609311892117,0.5,0.019831185333091302,0.3663413726168,0.08,0.5383508829381083,0.14283505166294377,0.0,0.08695652173913045,0.18886874060052014,0.009146341463414637,0.0,0.9631118021227325,0.3781228287067435,0.3781228284234044,0.0,0.19794515253765932,0.011363636363636364,0.0,0.3196531791907514,0.5725457813183077,0.37244057425276533,0.11631190137159689,0.040025823111684955,0.2891207153502236,0.036585365853658534,0.020530428605256914,0.28642759872900586,0.045454545454545456,0.0,0.0,0.0,0.0,0.0,0.0,0.0,1.0,0.5,0.25,0.3263001485884101,0.32521104606249013,0.3894736842105263,0.3875,0.39344262295081966,0.25750242013552765,0.19553439500902972,0.3670908765011651
Mg,0.1125,0.3096774193548387,0.32051282051282054,0.13846153846153847,0.0859481569032728,0.1506416217221499,0.11469344608879493,0.06828363973428087,0.30405405405405406,0.2846153846153846,0.35294117647058826,0.6157272766259013,0.3125,0.05463786531130877,0.12221129045124578,0.29714285714285715,0.8242065908663749,0.40511287346180375,0.16906919764980138,0.3229813664596274,0.5691570406133373,0.11459827833572453,0.0,0.939892933127462,0.2943325808801595,0.29433258082527025,0.0,0.13904982618771727,0.48863636363636365,0.0,0.26040462427745664,0.4092874143877204,0.1808660861379148,0.15756934048949092,0.09115558424790186,0.13710879284649777,0.7926829268292683,0.18363722472176178,0.13844757149341808,0.0,0.03571428571428571,0.0,0.0,0.0,0.0,0.0,0.0,0.0,1.0,0.25,0.2677563150074294,0.37174821529955976,0.10526315789473684,0.39375,0.1721311475409836,0.2758954501452083,0.3106222295189624,0.12493278365298441
Al,0.125,0.2,0.3076923076923077,0.07692307692307693,0.09919569798911504,0.4067323786498047,0.1966173361522199,0.05144446160976363,0.16891891891891891,0.18461538461538463,0.19327731092436976,0.38116450457793893,0.15625,0.09824378290070794,0.056026803520621164,0.4685714285714286,0.5173320265547918,0.6032341490664492,0.3381621827350793,0.5093167701863355,0.3172958013950099,0.15459110473457677,0.0,0.7585132859435412,0.19216736037430504,0.19216736008665694,0.0,0.07962920046349942,0.06818181818181818,0.05813953488372093,0.2239884393063584,0.3767911788993054,0.10002353494939985,0.34292355811943975,0.3284699806326662,0.2622950819672131,0.8780487804878049,0.1870412029363012,0.07792404297170526,0.22727272727272727,0.07142857142857142,0.0,0.0,0.0,0.0,1.0,0.3333333333333333,0.0,1.0,0.25,0.23060921248142646,0.546262599938571,0.1631578947368421,0.23125,0.11475409836065574,0.9912875121006776,0.3515022163848301,0.05682021867718229
Si,0.1375,0.12903225806451613,0.21794871794871795,0.10923076923076923,0.10465728636450927,0.38590291984377906,0.2600422832980973,0.01869303259694114,0.10135135135135136,0.1076923076923077,0.14285714285714285,0.24922294530096006,0.0625,0.08150299509892903,0.03291940330257666,0.6342857142857142,0.6920431619035184,0.7906801102962011,0.507201646090535,0.6894409937888198,0.6458234266702162,0.8629842180774749,0.4756923076923077,0.6202448622360875,0.2578601219907935,0.25786012168954864,0.0,0.11633835457705678,0.42045454545454547,0.05813953488372093,0.17052023121387286,0.17229319473454122,0.1401506236761591,0.46328818138668815,0.48224661071659136,0.4679582712369597,0.9390243902439024,0.4088917830925882,0.10909366016038735,0.18181818181818182,0.10714285714285714,0.0,0.0,0.0,0.0,0.8,0.6666666666666666,0.0,1.0,0.25,0.17206537890044576,0.34847963068102494,0.3,0.19375,0.05737704918032787,0.8925459825750243,0.11344606796913478,0.03405628248790107
P,0.15,0.1032258064516129,0.10256410256410256,0.18461538461538463,0.11895522875622895,0.0,0.02484143763213531,0.0,0.07432432432432433,0.06923076923076923,0.10084033613445378,0.13194155927697887,0.0,0.058359048829188596,0.0,0.7999999999999999,0.5746340500776587,1.0,0.6762589500225982,0.8695652173913043,1.0,0.2950143472022955,1.0,0.6222543882728847,0.289724958610219,0.2897249586486958,0.0,0.13608563707995366,0.11363636363636363,0.5348837209302325,0.1869942196531792,0.35852722591926955,0.12803012473523182,0.05777258510107464,0.3098773402194964,0.7272727272727273,1.0,0.004647170258110345,0.18414283552731123,0.13636363636363635,0.14285714285714285,0.0,0.0,0.0,0.0,0.6,1.0,0.0,1.0,0.25,0.18811292719167907,0.0,0.14210526315789473,0.0125,0.0,0.8209099709583737,0.26537045394700526,0.0
K,0.2,0.7935483870967742,0.24358974358974358,0.62,0.15916767141621183,0.09187279151943463,0.003964059196617337,0.5751583500695195,0.722972972972973,0.7230769230769231,0.865546218487395,0.7657748877443227,0.75,0.014612452350698853,0.7064376312920467,0.017142857142857095,0.5298670781825707,0.05910709578142425,0.029589190989319426,0.018633540372670756,0.06776473068665215,0.004393830703012914,0.0,0.9765066053140923,0.7598506416356118,0.7598506415692251,0.0,0.6045577443337196,0.07954545454545454,0.7790697674418605,0.18352601156069365,0.6390926312721621,0.7945398917392327,0.0,0.016139444803098774,0.4381520119225038,0.024390243902439025,0.010419133317546764,0.6217279467392948,0.045454545454545456,0.0,0.0,0.0,0.0,0.0,0.0,0.0,1.0,0.5,0.5,0.18692421991084696,0.2321367075883508,0.6421052631578947,0.53125,0.7131147540983607,0.6587608906098742,0.0970284025611558,0.7067574834199677
Ca,0.2125,0.5483870967741935,0.7051282051282052,0.38307692307692304,0.16401670161017304,0.2239166821647759,0.040697674418604654,0.3156187239301715,0.5405405405405406,0.5307692307692308,0.4789915966386555,0.7036883161438873,0.5,0.0461063713922672,0.38309357300502567,0.11999999999999998,0.44277184475715825,0.24466917800384197,0.13200777849140083,0.13043478260869565,0.3366187430653358,0.11567431850789094,0.0,0.9064633007509243,0.4732671601318087,0.4732671601517361,0.0,0.2769872537659328,0.32954545454545453,0.11627906976744186,0.1517341040462428,0.46077621800165147,0.4245704871734525,0.18410067301958205,0.13079406068431249,0.4903129657228018,0.0975609756097561,0.23987686478806533,0.3230443334846422,0.0,0.03571428571428571,0.0,0.0,0.0,0.0,0.0,0.0,0.0,1.0,0.5,0.1572065378900446,0.4648225537736991,0.4105263157894737,0.4625,0.48360655737704916,0.45885769603097765,0.24560827450336561,0.3830435561928661
Sc,0.225,0.3225806451612903,0.6153846153846154,0.15384615384615385,0.18815993236996167,0.47442811976938815,0.1464059196617336,0.21365672794685617,0.5,0.35384615384615387,0.2184873949579832,0.4251450243369319,0.375,0.11145398438918135,0.3120429707235355,0.32571428571428573,0.4726211190660228,0.3418982667712567,0.15562513380432455,0.3540372670807454,0.4046218707268627,0.2153873744619799,0.0,0.5493943184707625,0.2848473609345761,0.28484736100961316,3.008533622708469e-06,0.13297798377752026,0.5113636363636364,0.46511627906976744,0.12890173410404623,0.4409093117015592,0.19828194869381033,0.4020713911911108,0.3890251775338929,0.15201192250372578,0.13414634146341464,0.4476675349277765,0.15357845362384626,0.4090909090909091,0.07142857142857142,1.0,0.1,0.0,0.0,0.0,0.0,0.0,1.0,0.5,0.1283803863298663,0.036680596792658296,0.3263157894736842,0.4375,0.319672131147541,0.40851887705711526,0.34747277551796524,0.2539881699229253
Ti,0.2375,0.22580645161290322,0.5384615384615384,0.08615384615384615,0.20256839721164677,0.5592337734796354,0.2864693446088795,0.1564962150471188,0.43243243243243246,0.26153846153846155,0.226890756302521,0.33718398481894596,0.25,0.18179342893447087,0.23774829154146834,0.42857142857142855,0.452715515519579,0.45995468456419897,0.1792960108470706,0.46583850931677023,0.44506456679536777,0.21628407460545193,0.0,0.42675005647113257,0.1959009464361755,0.1959009463207675,1.0660158505659928e-05,0.08157589803012746,0.011363636363636364,0.12790697674418605,0.11618497109826591,0.4185651139068344,0.11249705813132505,0.5114827120376795,0.511943189154293,0.09836065573770494,0.524390243902439,0.48289130949561926,0.08760780753517931,0.36363636363636365,0.10714285714285714,0.8888888888888888,0.2,0.0,0.0,0.0,0.0,0.0,1.0,0.5,0.1185735512630015,0.05064174756377919,0.30526315789473685,0.3625,0.13934426229508196,0.35043562439496617,0.27269742242653094,0.1966302204696182
V,0.25,0.14193548387096774,0.47435897435897434,0.05153846153846153,0.21778565079063394,0.5759717314487632,0.4186046511627907,0.11864668623513054,0.38513513513513514,0.24615384615384617,0.18487394957983194,0.30786363831295066,0.21875,0.2530404792158287,0.19254394128752625,0.4799999999999999,0.5341641318655783,0.5534160153169453,0.20290920335878582,0.5217391304347826,0.43263734521905395,0.3480989956958393,0.0,0.3309182154194346,0.1252713917485672,0.12527139171494234,0.0,0.04746234067207416,0.26136363636363635,0.3372093023255814,0.10606936416184971,0.4103074755913927,0.06789832901859262,0.5569997687636156,0.5668173014848289,0.10879284649776452,0.5609756097560976,0.5500828794695715,0.052504160992585876,0.3181818181818182,0.14285714285714285,0.7777777777777778,0.3,0.0,0.0,0.0,0.0,0.0,1.0,0.5,0.10728083209509659,0.07158347372046053,0.28421052631578947,0.3375,0.05737704918032787,0.33543078412391086,0.3071745197832868,0.15719663022046962
Cr,0.2625,0.11612903225806452,0.23076923076923078,0.03430769230769232,0.22300539892021595,0.4448577273572624,0.4186046511627907,0.08064266955044029,0.2905405405405405,0.15384615384615385,0.17647058823529413,0.26388311855395774,0.25,0.3015973860954801,0.14218097694578138,0.49714285714285705,0.5599135823247395,0.6274105963272381,0.22652358524227512,0.5403726708074534,0.4357195024560941,0.33913199426111906,0.0,0.2842833859960834,0.08530290668641616,0.08530290658912364,0.0,0.030590961761297795,0.23863636363636365,0.4186046511627907,0.09450867052023122,0.3355029873220966,0.045893151329724644,0.41338980369247996,0.41443511943189154,0.08792846497764528,0.5975609756097561,0.5412029363012076,0.03601149947041914,0.2727272727272727,0.17857142857142858,0.5555555555555556,0.5,0.0,0.0,0.0,0.0,1.0,0.5,0.5,0.10817236255572066,0.21817555681722992,0.2789473684210526,0.35625,0.02459016393442623,0.276863504356244,0.4204564110983418,0.14285714285714285
Mn,0.275,0.14838709677419354,0.34615384615384615,0.03676923076923076,0.23756656589474184,0.31281383671192114,0.3128964059196618,0.06921056697049281,0.36486486486486486,0.13076923076923078,0.12605042016806722,0.26388311855395774,0.25,0.3029587946995825,0.11133565559603265,0.4342857142857143,0.9076281019420465,0.6870667648928207,0.2501867313684912,0.47204968944099385,0.5369680643309312,0.19404591104734575,0.0,0.3242246235235425,0.06871706453591968,0.06871706436268175,0.00014693062293038946,0.02407959406720742,0.06818181818181818,0.1511627906976744,0.10317919075144508,0.47976878612716767,0.04812897152271122,0.26612873781445107,0.2670109748224661,0.9836065573770493,0.6341463414634146,0.35975609756097565,0.03782720532607051,0.22727272727272727,0.21428571428571427,0.5555555555555556,0.5,0.0,0.0,0.0,0.0,0.0,1.0,0.5,0.1049034175334324,0.01760035740545974,0.2736842105263158,0.35625,0.01639344262295082,0.24685382381413373,0.3556066327368248,0.10342355260799427
Fe,0.2875,0.09032258064516129,0.14102564102564102,0.0323076923076923,0.24205554928618236,0.45936395759717313,0.445031712473573,0.05577012204541944,0.3108108108108108,0.1076923076923077,0.15966386554621848,0.24922294530096006,0.25,0.33309130513704843,0.10370409764139656,0.5942857142857143,0.46586417107319317,0.7184647483483906,0.2737886248483551,0.6459627329192548,0.6080123953685734,0.21018651362984217,0.0,0.38474191170675254,0.07452254009689643,0.07452254011970709,1.0,0.026326767091541144,0.1590909090909091,0.10465116279069768,0.09450867052023122,0.4205080876281149,0.043186632148740876,0.41095573648788447,0.43770174306003873,0.08643815201192251,0.6463414634146342,0.4458915462941037,0.03389317597215918,0.18181818181818182,0.25,0.4444444444444444,0.6,0.0,0.0,0.0,0.0,0.0,1.0,0.5,0.0947994056463596,0.18559953835128115,0.26842105263157895,0.35,0.00819672131147541,0.22313649564375604,0.33590543424725006,0.08549919340383583
Co,0.3,0.08387096774193549,0.08974358974358974,0.026153846153846156,0.2573405813886727,0.4816812348893435,0.47145877378435525,0.042329677120346056,0.28378378378378377,0.06923076923076923,0.1092436974789916,0.16126190578297417,0.21875,0.3796514793973498,0.08716462360730716,0.6228571428571428,0.559229936241251,0.7414899362158084,0.29747555841004725,0.6770186335403726,0.6047679394974964,0.2530487804878048,0.0,0.4839542506567726,0.06281719906297045,0.06281719894543855,0.7336421525977527,0.021830822711471607,0.23863636363636365,0.2558139534883721,0.08641618497109826,0.40642152814883176,0.03542009884678748,0.4707120863607045,0.4521626856036152,0.0327868852459016,0.6829268292682927,0.4340516220696188,0.027538205477379334,0.13636363636363635,0.2857142857142857,0.3333333333333333,0.7,0.0,0.0,0.0,0.0,0.0,1.0,0.5,0.0986627043090639,0.2321367075883508,0.24736842105263157,0.325,0.00819672131147541,0.20377541142303968,0.32030865210967,0.06936727012009321
Ni,0.3125,0.07741935483870968,0.05128205128205128,0.02461538461538461,0.2561537197510993,0.4560163660033476,0.47145877378435525,0.03182450177661054,0.1891891891891892,0.06153846153846154,0.09243697478991597,0.23456277204796241,0.21875,0.3797422399709567,0.0695881085968038,0.6399999999999999,0.6493974881757253,0.7697481213258214,0.3210875615499893,0.6956521739130435,0.568180973594619,0.27600430416068866,0.0,0.6102497770945888,0.06465110551836332,0.06465110539719078,0.28208897224132623,0.022526071842410202,0.0,0.11627906976744186,0.09306358381502891,0.46762520036916505,0.032360555424805836,0.457933233536578,0.45655261459005814,0.18330849478390462,0.7195121951219512,0.42161970163390955,0.026327734906945077,0.09090909090909091,0.32142857142857145,0.2222222222222222,0.8,0.0,0.0,0.0,0.0,0.0,1.0,0.5,0.0947994056463596,0.21119498143166945,0.23157894736842105,0.325,0.0,0.18538238141335908,0.34083073386964374,0.05682021867718229
Cu,0.325,0.1032258064516129,0.02564102564102564,0.0323076923076923,0.28017168843459034,0.42533010972661334,0.36575052854122625,0.011895566198053454,0.24324324324324326,0.07692307692307693,0.21008403361344538,0.5131060638549177,0.21875,0.38237429660555455,0.0573563432339724,0.6342857142857142,0.6638244852414964,0.7519559307009984,0.3446656675943766,0.6894409937888198,0.5813135116646458,0.20642037302725966,0.0,0.7638454907791704,0.08251955907963944,0.0825195589273983,0.0,0.029478563151796065,0.06818181818181818,0.11627906976744186,0.07601156069364162,0.388449021226988,0.04353965638973877,0.3678727469665438,0.33686249193027756,0.1967213114754098,0.7804878048780488,0.3122780014207909,0.03419579361476775,0.045454545454545456,0.35714285714285715,0.0,1.0,0.0,0.0,0.0,0.0,1.0,0.5,0.5,0.07756315007429421,0.9301942461443955,0.22631578947368422,0.3125,0.03278688524590164,0.505324298160697,0.22590707601379084,0.046065603154687225
Zn,0.3375,0.16774193548387098,0.08974358974358974,0.0646153846153846,0.2892490808768939,0.1166077738515901,0.18076109936575055,0.013749420670477368,0.17567567567567569,0.12307692307692308,0.25210084033613445,0.25371166478706775,0.21875,0.29946451261571966,0.03688143164836333,0.4914285714285714,0.8619635110638193,0.5881631170077757,0.3683353552653483,0.5341614906832298,0.8342899093478706,0.0892754662840746,0.0,0.9647782292722769,0.14466402487791089,0.14466402458245983,0.0,0.05626882966396293,0.06818181818181818,0.16279069767441862,0.07687861271676301,0.4345946471073979,0.08331372087550011,0.13687976925042902,0.06959328599096191,0.05514157973174368,0.8292682926829268,0.11577373904807009,0.06521410198214557,0.0,0.39285714285714285,0.0,1.0,0.0,0.0,0.0,0.0,0.0,1.0,0.5,0.07845468053491829,0.27867387682542044,0.25263157894736843,0.31875,0.05737704918032787,0.1510164569215877,0.2365785585289772,0.03799964151281592
Ga,0.35,0.1870967741935484,0.23076923076923078,0.10461538461538462,0.310744781736722,0.3948298307606472,0.21357599824670748,0.04155723775683609,0.17567567567567569,0.16923076923076924,0.226890756302521,0.5277662371079155,0.1875,0.24396442185514614,0.06639721328476081,0.5828571428571429,0.5168152113434484,0.6922997621354158,0.470772972715811,0.6335403726708075,0.31934849991316266,0.0626793400286944,0.0,0.8188730758274054,0.23272400173674335,0.23272400171022506,0.0,0.10166859791425262,0.5113636363636364,0.16279069767441862,0.07254335260115607,0.46568222664788467,0.13520828430218876,0.3261284944077307,0.2523692704970949,0.33084947839046197,0.8902439024390244,0.0003936774804641203,0.10515963080647603,0.22727272727272727,0.42857142857142855,0.0,1.0,0.0,0.0,1.0,0.3333333333333333,0.0,1.0,0.5,0.07369985141158994,0.06692975679675356,0.17894736842105263,0.275,0.19672131147540983,0.9351403678606003,0.15777376457067804,0.08048037282667143
Ge,0.3625,0.16129032258064516,0.24358974358974358,0.1323076923076923,0.3251329932033395,0.47424214245862006,0.25089307268395294,0.027498841340954736,0.16216216216216217,0.14615384615384616,0.17647058823529413,0.4251450243369319,0.15625,0.21732619350154295,0.038556651687185896,0.697142857142857,0.6634066501872371,0.839870284376594,0.573129712885654,0.7577639751552794,0.6075619028983961,0.6249999999999999,0.2356923076923077,0.6868377114516495,0.2959791831842199,0.2959791831535294,0.0,0.14011587485515642,0.48863636363636365,0.16279069767441862,0.05722543352601157,0.3292854714139992,0.16615674276300307,0.39635133326031136,0.381536475145255,0.5022354694485842,0.926829268292683,0.26906227800142074,0.13284914510515963,0.18181818181818182,0.4642857142857143,0.0,1.0,0.0,0.0,0.8,0.6666666666666666,0.0,1.0,0.5,0.05884101040118871,0.13906236911421152,0.30526315789473685,0.25625,0.18032786885245902,0.8852855759922557,0.3761287144967986,0.03961283384119018
As,0.375,0.17419354838709677,0.20512820512820512,0.12461538461538461,0.3364752544540597,0.06007067137809187,0.05391120507399577,0.011277614707245481,0.1554054054054054,0.14615384615384616,0.20168067226890757,0.30786363831295066,0.09375,0.23579597023053186,0.01294971680804106,0.7942857142857144,0.5851151721358334,0.9738350137870252,0.6756036061752183,0.8633540372670809,0.8941130341729635,0.40082496413199425,0.0,0.6839686374498061,0.2839692187225241,0.28396921872720776,0.0,0.13242178447276942,0.26136363636363635,0.4069767441860465,0.05982658959537573,0.39816388983339007,0.1578018357260532,0.03659620042109363,0.2918011620400258,0.27421758569299554,0.9878048780487805,0.23336490646459862,0.12256014525646844,0.13636363636363635,0.5,0.0,1.0,0.0,0.0,0.6,1.0,0.0,1.0,0.5,0.06062407132243686,0.1157937844956767,0.16842105263157894,0.0,0.11475409836065574,0.8610842207163601,0.23154475995160861,0.012188564258827741
Rb,0.425,0.8774193548387097,0.32051282051282054,0.783076923076923,0.38867375039843516,0.07587874279337921,0.0023784355179704017,0.6910242545960142,0.8378378378378378,0.8307692307692308,0.9411764705882353,0.823112379752088,0.84375,0.04528952622980576,0.7814236711250565,0.017142857142857095,0.5270273338234222,0.042047524770564615,0.06822236494683508,0.018633540372670756,0.04295953834381063,0.0017934002869440474,0.0,0.9875553264680782,0.8680713791388346,0.8680713790300405,0.0,0.767856315179606,0.5681818181818182,0.6395348837209303,0.06965317919075144,0.7100111720988973,1.0,0.08941545876081639,0.005681084570690775,0.4918032786885246,0.012195121951219513,0.003137579919488505,0.7703132092600997,0.045454545454545456,0.0,0.0,0.0,0.0,0.0,0.0,0.0,1.0,0.5,0.75,0.07013372956909361,0.13440865219050455,0.7894736842105263,0.83125,0.8442622950819673,0.8049370764762827,0.03956657363322935,0.7816813048933501
Sr,0.4375,0.6645161290322581,0.8205128205128205,0.4415384615384616,0.3993260753789836,0.20531895108796727,0.1873162636532371,0.47010659663216436,0.668918918918919,0.6384615384615384,0.5630252100840336,0.7916493556618731,0.625,0.09103285532764567,0.42829792325896776,0.09142857142857139,0.447054288822884,0.200921321055748,0.15042103760793546,0.09937888198757759,0.2731690780148298,0.09576757532281203,0.0,0.9283225360945991,0.622402160546368,0.6224021605389604,0.0,0.4295712630359212,0.36363636363636365,0.29069767441860467,0.05317919075144509,0.5025987273522126,0.564485761355613,0.17241715043752356,0.11297611362169141,0.5648286140089419,0.08536585365853659,0.21915699739521666,0.4401573611741564,0.0,0.03571428571428571,0.0,0.0,0.0,0.0,0.0,0.0,0.0,1.0,0.75,0.05260029717682021,0.08089090756787447,0.5052631578947369,0.6,0.639344262295082,0.5759922555663118,0.3025966221999514,0.4296468901236781
Y,0.45,0.4258064516129032,0.7564102564102564,0.2276923076923077,0.405690347079099,0.5687186163288079,0.10412262156448203,0.3727792368299089,0.6351351351351351,0.46923076923076923,0.33613445378151263,0.5717467568669083,0.5,0.17861680885823197,0.34054830217778603,0.2457142857142857,0.4943529247726907,0.29888302943712586,0.16939389614405673,0.2670807453416149,0.35241479890516675,0.16678622668579626,0.0,0.5346505798246378,0.41487087165898756,0.41487087143590295,0.0,0.22688296639629202,1.0,0.2441860465116279,0.05086705202312138,0.4899693981638899,0.2925394210402447,0.443815643749924,0.4495803744351194,0.20268256333830104,0.2073170731707317,0.4420435709211461,0.22741715842033589,0.4090909090909091,0.07142857142857142,1.0,0.1,0.0,0.0,0.0,0.0,0.0,1.0,0.75,0.0475482912332838,0.039007455254511776,0.41578947368421054,0.54375,0.4016393442622951,0.4327202323330107,0.2037432277130192,0.3418175300233017
Zr,0.4625,0.3096774193548387,0.6794871794871795,0.13999999999999999,0.41716409193408843,0.7619490422168496,0.4516908521564112,0.18121427467943765,0.5337837837837838,0.4,0.31092436974789917,0.5277662371079155,0.34375,0.27101107278998005,0.2554577605233068,0.3085714285714286,0.5160847304793588,0.4220677845278114,0.18836497062251722,0.33540372670807456,0.41560508950314623,0.33913199426111906,0.0,0.36329775210806586,0.2986876756458559,0.29868767555081266,0.0,0.14187717265353417,0.2727272727272727,0.2441860465116279,0.045086705202312144,0.4331374168164376,0.1786302659449282,0.6872223642094758,0.6888315041962556,0.14008941877794337,0.5,0.5397229457731471,0.13875018913602663,0.36363636363636365,0.10714285714285714,0.8888888888888888,0.2,0.0,0.0,0.0,0.0,0.0,1.0,0.75,0.04665676077265975,0.05296860602563267,0.3684210526315789,0.4,0.26229508196721313,0.3257502420135527,0.24478739123296667,0.2557806058433411
Nb,0.475,0.21935483870967742,0.46153846153846156,0.08923076923076924,0.42549099091072873,0.8298307606472011,0.445031712473573,0.14722694268499922,0.4594594594594595,0.34615384615384615,0.29411764705882354,0.4544653708429272,0.28125,0.36467598475222357,0.21557156912276967,0.4628571428571429,0.6058254003540721,0.47774687518902187,0.2073324769856562,0.5031055900621119,0.4345576262535484,0.5005380200860832,0.0,0.2359074031600689,0.2215319662629569,0.22153196635808536,0.0,0.09538818076477404,0.8522727272727273,0.9651162790697675,0.041329479768786134,0.3962209161121097,0.11814544598729111,0.8247471612691226,0.8476436410587476,0.15052160953800295,0.5487804878048781,0.7220577788302155,0.09048267513996067,0.3181818181818182,0.14285714285714285,0.6666666666666666,0.4,0.0,0.0,0.0,0.0,1.0,0.5,0.75,0.04279346210995543,0.12510121834309063,0.34210526315789475,0.425,0.1721311475409836,0.3455953533397871,0.21851912658020028,0.2163470155941925
Mo,0.4875,0.17419354838709677,0.3717948717948718,0.0676923076923077,0.4405554532657825,0.8056537102473498,0.6035940803382664,0.13023327668778,0.3918918918918919,0.27692307692307694,0.2605042016806723,0.41048485108393423,0.28125,0.4395534579778544,0.12649240832823677,0.7828571428571429,0.5748884400385779,0.5164710547842247,0.2262970099193606,0.8509316770186337,0.485155363021849,0.6346843615494978,0.0,0.17393247979287998,0.17783089121794884,0.1778308912095118,0.0,0.07230590961761298,0.1590909090909091,0.5581395348837209,0.037283236994219655,0.3699907708748239,0.08802071075547188,0.7152141370623243,0.7520723047127179,0.12816691505216093,0.5853658536585366,0.766161496566422,0.06854289605083978,0.2727272727272727,0.17857142857142858,0.5555555555555556,0.5,0.0,0.0,0.0,0.0,1.0,0.5,0.75,0.037741456166419024,0.32288418760063664,0.3368421052631579,0.35625,0.13934426229508196,0.2909002904162633,0.44097849285831553,0.16436637390213304
Tc,0.5,0.15483870967741936,0.3333333333333333,0.05384615384615385,0.45024267423742975,0.8549376976008927,0.5359347355115478,0.11617488027189865,0.34459459459459457,0.2,0.25210084033613445,0.36650433132494126,0.21875,0.49764022508622247,0.14749913579918633,0.6342857142857142,0.5387296372661389,0.5405428421001615,0.24527938342967245,0.813664596273292,0.5136061618875787,0.5595408895265422,0.0,0.21435165084782387,0.1510958405939592,0.1510958404232141,0.0,0.05928157589803013,0.5755313173475591,0.46432755774107043,0.4101608692167682,0.32049212718968145,0.07189927041656861,0.7091289690508354,0.776630083925113,0.06706408345752611,0.6219512195121951,0.6344423395690267,0.05719473445301863,0.22727272727272727,0.21428571428571427,0.5555555555555556,0.5,0.0,0.0,0.0,0.0,0.0,1.0,0.75,0.03536404160475483,0.11812064295753018,0.33157894736842103,0.35,0.11475409836065574,0.2647628267182963,0.3757280153631114,0.13927227101631118
Ru,0.5125,0.14193548387096774,0.28205128205128205,0.05076923076923078,0.46589691962597574,0.6732378649804723,0.5771670190274842,0.09609145682063958,0.33783783783783783,0.17692307692307693,0.20168067226890757,0.26388311855395774,0.1875,0.5389362860773279,0.1065493126279682,0.8057142857142858,0.6300397452773489,0.5572884332764654,0.2642510525940199,0.8757763975155282,0.5258164796819554,0.6545911047345767,0.0,0.30989403374993646,0.1355914833858982,0.1355914831903161,0.0,0.0520973348783314,0.25,0.872093023255814,0.03352601156069364,0.3699907708748239,0.06966345022358202,0.631576524984378,0.7412524209167205,0.06110283159463489,0.6585365853658537,0.6752900781434998,0.05023452867302164,0.18181818181818182,0.25,0.3333333333333333,0.7,0.0,0.0,0.0,0.0,1.0,0.5,0.75,0.03387815750371471,0.27867387682542044,0.3157894736842105,0.3625,0.09836065573770492,0.2478218780251695,0.4229190609095387,0.10700842444882595
Rh,0.525,0.14193548387096774,0.23076923076923078,0.05076923076923078,0.47498173632600216,0.6410637902175934,1.0,0.0804881816777383,0.3108108108108108,0.17692307692307693,0.16806722689075632,0.30786363831295066,0.21875,0.5389362860773279,0.08793575664105087,0.8514285714285713,0.6459277040712993,0.5739293645079175,0.28321261209828963,0.9254658385093167,0.540741886774709,0.4393830703012912,0.0,0.46969050619260444,0.1382328737651623,0.1382328736838321,0.0,0.053302433371958294,0.25,0.872093023255814,0.03497109826589595,0.4146791664642736,0.040833137208755005,0.5983789112417395,0.6191091026468689,0.22503725782414305,0.6951219512195121,0.5734667298129292,0.05189892570736873,0.13636363636363635,0.2857142857142857,0.2222222222222222,0.8,0.0,0.0,0.0,0.0,1.0,0.5,0.75,0.03566121842496285,0.34847963068102494,0.3,0.35,0.09836065573770492,0.23136495643756042,0.3186668855688721,0.0890840652446675
Pd,0.5375,0.16129032258064516,0.0,0.060000000000000005,0.49237677217031844,0.5318951087967267,0.47145877378435525,0.06812915186157886,0.2905405405405405,0.13846153846153847,0.226890756302521,0.39582467783093656,0.25,0.521237974223997,0.018799691546786505,0.8057142857142858,0.5409210798584078,0.588895736621739,0.3021813078332026,0.8757763975155282,0.6739177752649298,0.2627331420373027,0.0,0.6438846306509783,0.15354363346363545,0.15354363333343188,0.0,0.06044032444959444,0.25,0.872093023255814,0.03526011560693641,0.46325350949628413,0.07778300776653331,0.45038762520233183,0.3874757908327954,0.2384500745156483,0.7439024390243902,0.45092351408950987,0.05613557270388864,0.0,0.32142857142857145,0.0,1.0,0.0,0.0,0.0,0.0,0.0,0.0,0.75,0.03566121842496285,0.16698467065645328,0.3,0.16875,0.12295081967213115,0.21684414327202314,0.18486291249384337,0.020971500268865385
Ag,0.55,0.2064516129032258,0.1282051282051282,0.08153846153846155,0.49954464552634026,0.3593081644039427,0.2600422832980973,0.023791132396106907,0.3310810810810811,0.2,0.4117647058823529,0.7623290091558779,0.375,0.4522599382828099,0.07331081979418726,0.6514285714285714,0.6760600397149986,0.7613753257376694,0.32114524608102,0.7080745341614907,0.5585386145612213,0.16517216642754662,0.0,0.8391965578356788,0.18948105063084175,0.18948105027234338,0.0,0.07823870220162223,0.022727272727272728,0.10465116279069768,0.03265895953757225,0.43265167338611754,0.10520122381736881,0.3064125500505069,0.2690768237572627,0.2682563338301043,0.7682926829268293,0.27631423158891777,0.08200938114692086,0.045454545454545456,0.35714285714285715,0.0,1.0,0.0,0.0,0.0,0.0,1.0,0.5,0.75,0.033580980683506685,1.0,0.30526315789473685,0.40625,0.1721311475409836,0.3373668925459827,0.14628139878509275,0.05646173149309913
Cd,0.5625,0.2709677419354839,0.2948717948717949,0.12461538461538461,0.5220441060302791,0.09019899572252185,0.10676532769556026,0.03367835624903445,0.32432432432432434,0.26153846153846155,0.453781512605042,0.3756227651168,0.34375,0.3683064076964966,0.0657324434280852,0.5142857142857142,0.9040490626569407,0.5462991390670159,0.3401163205594805,0.5590062111801242,0.7735600357056994,0.07388809182209469,0.0,1.0,0.2430130197284114,0.24301301965118474,0.0,0.1075782155272306,0.07954545454545454,0.09302325581395349,0.03150289017341041,0.4651964832175645,0.15862555895504823,0.0690909976024438,0.04557779212395093,0.10283159463487332,0.8170731707317073,0.08657944589154629,0.12331668936298987,0.0,0.39285714285714285,0.0,1.0,0.0,0.0,0.0,0.0,0.0,1.0,0.75,0.03209509658246657,0.22515613220279035,0.34210526315789475,0.38125,0.22950819672131148,0.19215876089060996,0.12247578394352324,0.06685785983151103
In,0.575,0.34838709677419355,0.3974358974358974,0.1646153846153846,0.5339427164072136,0.33475915938255535,0.20505530877520034,0.07044646995210876,0.3108108108108108,0.3076923076923077,0.3865546218487395,0.8942705684328567,0.34375,0.30749682337992373,0.11638790650676736,0.5657142857142857,0.49307458326053377,0.6298177750588316,0.4223221294512238,0.6149068322981367,0.287049403249158,0.021538737446197997,0.0,0.847313346546706,0.31360197222014813,0.31360197192492484,0.0,0.1517497103128621,0.26136363636363635,0.1744186046511628,0.032080924855491334,0.500170010200612,0.212167568839727,0.27111857558387187,0.21497740477727567,0.3427719821162444,0.8658536585365854,0.03780487804878048,0.1650779240429717,0.22727272727272727,0.42857142857142855,0.0,1.0,0.0,0.0,1.0,0.3333333333333333,0.0,1.0,0.75,0.032689450222882624,0.19025325527498813,0.21052631578947367,0.34375,0.3442622950819672,0.973862536302033,0.03258906583483829,0.11776303997132101
Sn,0.5875,0.3225806451612903,0.4230769230769231,0.17384615384615384,0.5532061904450792,0.3700948484284917,0.14904862579281183,0.08156959678665225,0.2905405405405405,0.2923076923076923,0.33613445378151263,0.6890281428908896,0.28125,0.30749682337992373,0.04645411758449225,0.6685714285714285,0.6413744342252123,0.7341637400761754,0.5045196127405505,0.7267080745341615,0.5233016092592129,0.09074605451936872,0.0,0.7407615281312849,0.42524729709830034,0.42524729703549413,0.0,0.2354113557358053,0.18181818181818182,0.12790697674418605,0.030346820809248557,0.5123135959586146,0.22287597081666274,0.35740625798678305,0.29012265978050356,0.526080476900149,0.9146341463414634,0.06023561449206725,0.17309729157209863,0.18181818181818182,0.4642857142857143,0.0,1.0,0.0,0.0,0.8,0.6666666666666666,0.0,1.0,0.75,0.029123328380386334,0.15535037834718587,0.3368421052631579,0.3375,0.30327868852459017,0.9394966118102613,0.13807256608110327,0.047499551891019905
Sb,0.6,0.3032258064516129,0.3974358974358974,0.20615384615384613,0.5683021811479289,0.2519992560907569,0.10676532769556026,0.04897265564653175,0.2905405405405405,0.2923076923076923,0.36134453781512604,0.6157272766259013,0.28125,0.27940642584861136,0.04592230169915176,0.7199999999999999,0.6293092644132591,0.83359068768548,0.5867373153500322,0.7826086956521738,0.7150976408300893,0.3174318507890961,0.0,0.7278925022045185,0.4056289535106997,0.4056289533543596,0.0,0.21942062572421783,0.7840909090909091,0.3372093023255814,0.024566473988439304,0.4268227522222762,0.26006119086843965,0.23472927087516884,0.24260813428018074,0.33084947839046197,0.975609756097561,0.1782796590101823,0.20184596761991225,0.13636363636363635,0.5,0.0,1.0,0.0,0.0,0.6,1.0,0.0,1.0,0.75,0.024071322436849923,0.05529546448748615,0.2789473684210526,0.36875,0.2459016393442623,0.9530493707647629,0.2135938269578066,0.053235346836350596
Cs,0.65,1.0,0.4358974358974359,1.0,0.6234666532040126,0.0741305560721592,0.0,1.0,1.0,1.0,1.0,1.0,1.0,0.06076420402976946,1.0,0.0,0.5244169604555977,0.012847400156884735,0.3627494707295607,0.0,0.0,0.0,0.0,0.9965050184619595,1.0,1.0,0.0,1.0,0.5681818181818182,0.6395348837209303,0.03468208092485549,0.7658716665857095,0.6994586961638032,0.0802877067435832,0.0,0.5603576751117735,0.0,0.0,1.0,0.045454545454545456,0.0,0.0,0.0,0.0,0.0,0.0,0.0,1.0,0.5,1.0,0.03476968796433878,0.08321776602972795,1.0,1.0,1.0,1.0,0.11158085445421877,1.0
Ba,0.6625,0.7096774193548387,1.0,0.5230769230769231,0.6453511277942431,0.2523712107122931,0.021141649048625793,0.826973582573768,0.8040540540540541,0.7230769230769231,0.5966386554621849,0.9382510881918497,0.71875,0.13459793065892176,0.6463424362485707,0.05714285714285713,0.4646990540949702,0.15026590774742868,0.3893087371250506,0.06211180124223602,0.19987895858882093,0.09020803443328551,0.0,0.9085056213256487,0.6939680366647116,0.6939680366947918,0.0,0.5163383545770568,0.22727272727272727,0.20930232558139536,0.023699421965317918,0.564773886433186,0.644504589315133,0.16998308323292805,0.13247256294383472,0.40685543964232485,0.07317073170731707,0.2073170731707317,0.5040096837645633,0.0,0.03571428571428571,0.0,0.0,0.0,0.0,0.0,0.0,0.0,1.0,1.0,0.02020802377414562,0.041334313716365256,0.6052631578947368,0.71875,0.6967213114754098,0.6060019361084221,0.06583483828599573,0.6465316364939954
La,0.675,0.4838709677419355,0.8846153846153846,0.2692307692307692,0.6531637731859569,0.5908499163102101,0.06976744186046512,0.5473505329831608,0.75,0.6,0.4117647058823529,0.7916493556618731,0.59375,0.25485569068796515,0.49211582949982713,0.17714285714285719,0.5241200199843452,0.0,0.41585194700159384,0.19254658385093174,0.25527830802915613,0.07370875179340029,0.0,0.6611921840541636,0.4642357414507627,0.4642357413766603,0.0,0.2688991888760139,0.9659090909090909,0.3023255813953488,0.02109826589595376,0.518142517122456,0.3449046834549306,0.48641181983034554,0.45771465461588123,0.21758569299552905,0.3048780487804878,0.2641487094482595,0.2653956725677107,0.4090909090909091,0.07142857142857142,1.0,0.1,0.0,0.0,0.0,0.0,0.0,1.0,1.0,0.021693907875185738,0.02970002140709785,0.47368421052631576,0.6875,0.45901639344262296,0.5183930300096805,0.1360203579051059,0.4923821473382327
Ce,0.6875,0.44516129032258067,0.8589743589743589,0.24615384615384617,0.6591552976533407,0.5850846196763995,0.05391120507399577,0.5087285648076626,0.7297297297297297,0.46923076923076923,0.3949579831932773,0.6743679696378919,0.53125,0.28240152477763664,0.4655250352328024,0.1885714285714286,0.5569916588683808,0.19415383358595178,0.4424225124289345,0.20496894409937894,0.24948409511306685,0.06043758967001434,0.0,0.6736216875303012,0.46779782654854485,0.46779782651540525,0.0,0.2720741599073001,0.9659090909090909,0.3023255813953488,0.020231213872832374,0.5098848788070143,0.31019063309013883,0.4815436854211545,0.4436410587475791,0.4277198211624441,0.2926829268292683,0.22803694056358037,0.23967317294598275,1.0,0.10714285714285714,1.0,0.1,1.0,0.07142857142857142,0.0,0.0,0.0,1.0,1.0,0.024071322436849923,0.02504630448339088,0.46842105263157896,0.625,0.4262295081967213,0.5348499515972897,0.10523723526514529,0.465495608531995
Pr,0.7,0.45161290322580644,0.9102564102564102,0.24307692307692308,0.6630736228991828,0.6010786684024549,0.07241014799154334,0.5519851691642206,0.722972972972973,0.5692307692307692,0.40336134453781514,0.630387449878899,0.53125,0.2831276093664912,0.43893424096577766,0.1942857142857142,0.6139691662673759,0.06392354893729381,0.46900497157401405,0.2111801242236024,0.23951865562125868,0.0860832137733142,0.0,0.6738472390464926,0.451338675021511,0.4513386748841621,0.0,0.25756662804171493,0.9659090909090909,0.3023255813953488,0.020520231213872836,0.5225142079953369,0.31054365733113676,0.40000243406720465,0.3620400258231117,0.20566318926974664,0.2804878048780488,0.26710869050438074,0.24133756998032985,0.5,0.14285714285714285,0.0,0.0,0.8461538461538461,0.21428571428571427,0.0,0.0,0.0,1.0,1.0,0.02020802377414562,0.02970002140709785,0.45789473684210524,0.65,0.4180327868852459,0.559051306873185,0.12001313413232638,0.44040150564617314
Nd,0.7125,0.45161290322580644,0.8846153846153846,0.24000000000000002,0.6795769558959498,0.5185047424214246,0.08033826638477802,0.521087594623822,0.7094594594594594,0.5538461538461539,0.3949579831932773,0.7631718020761502,0.53125,0.2937465964784898,0.4974339883532321,0.19999999999999993,0.7881888523527644,0.0651045044328548,0.4955220152715336,0.21739130434782603,0.24740606587352695,0.09056671449067431,0.0,0.6747922438261508,0.4420340746505752,0.44203407480828094,0.0,0.24954808806488993,0.9659090909090909,0.3023255813953488,0.019653179190751446,0.5346577937533394,0.30701341492115797,0.3488870227706987,0.3233053582956746,0.20417287630402386,0.2682926829268293,0.29374852000947194,0.23816008473293993,0.45454545454545453,0.17857142857142858,0.0,0.0,0.7692307692307693,0.2857142857142857,0.0,0.0,0.0,1.0,1.0,0.024071322436849923,0.039007455254511776,0.45263157894736844,0.66875,0.4180327868852459,0.5440464666021297,0.12411755048432113,0.4977594550994802
Pm,0.725,0.4568307634895335,0.8717948717948718,0.31053391070347014,0.6828968859693411,0.45508647944950714,0.08298097251585623,0.4871002626293836,0.6959459459459459,0.5461538461538461,0.37815126050420167,0.7103723323763702,0.53125,0.3025049918315484,0.4974339883532321,0.1942857142857142,0.9676076444051644,0.1146783052675152,0.5220699826351721,0.18515848188224954,0.2560518809577442,0.24316226146819234,0.0,0.6762519081332129,0.4314424314460292,0.43144243150086226,0.0,0.24057937427578216,0.9659090909090909,0.3023255813953488,0.31580271042439073,0.47873348277858135,0.3007766533301954,0.36005916985653413,0.314692191822904,0.33648391167457636,0.25609756097560976,0.3372602415344542,0.23271296716598577,0.4090909090909091,0.21428571428571427,0.0,0.0,0.6923076923076923,0.35714285714285715,0.0,0.0,0.0,1.0,1.0,0.018127786032689452,0.03435373833080481,0.4473684210526316,0.6577094642610977,0.4098360655737705,0.5304937076476283,0.2557280569942953,0.47445778813407424
Sm,0.7375,0.44516129032258067,0.8333333333333334,0.2292307692307692,0.7098580283943212,0.2810117165705784,0.09619450317124736,0.4546578093619651,0.6891891891891891,0.5384615384615384,0.3697478991596639,0.6799146343815887,0.53125,0.3170266836086404,0.44957055867258755,0.21714285714285708,0.9056891229571055,0.3569611275978728,0.5486215181141322,0.23602484472049684,0.26541059658399296,0.11710903873744617,0.0,0.6788239562874938,0.42463237936506076,0.424632379184706,0.0,0.234901506373117,0.9659090909090909,0.3023255813953488,0.021387283236994223,0.6361781706902414,0.2945398917392328,0.19797485608577653,0.16810845706907682,1.0,0.24390243902439024,0.31032441392375093,0.22893024663337871,0.36363636363636365,0.25,0.0,0.0,0.6153846153846154,0.42857142857142855,0.0,0.0,0.0,1.0,1.0,0.01664190193164933,0.02970002140709785,0.4368421052631579,0.6375,0.4016393442622951,0.5174249757986448,0.10769988507634215,0.45115612116866827
Eu,0.75,0.5612903225806452,0.8333333333333334,0.36769230769230765,0.7177970346524755,0.24493211828156966,0.017706131078224104,0.4253051135485864,0.6891891891891891,0.5076923076923077,0.3697478991596639,0.6284175259921622,0.53125,0.2136957705572699,0.4309570026856702,0.2285714285714285,0.5960723850971787,0.3374502755189124,0.5751861366826043,0.2941770751675401,0.26945744476727235,0.12769010043041606,0.0,0.916239078908461,0.4596534236623815,0.4596534237114689,0.0,0.26484356894553884,0.9659090909090909,0.3023255813953488,0.017341040462427744,0.5448584057900617,0.47564132737114617,0.21136222571105187,0.13027759845061332,0.34575260804769004,0.12195121951219512,0.23484489699265923,0.3649568769859282,0.3181818181818182,0.2857142857142857,0.0,0.0,0.5384615384615384,0.5,0.0,0.0,0.0,1.0,1.0,0.015453194650817235,0.03202687986895133,0.43157894736842106,0.61875,0.5901639344262295,0.5043562439496613,0.16804717245181186,0.43143932604409396
Gd,0.7625,0.432258064516129,0.7948717948717948,0.2292307692307692,0.7439601188673156,0.5553282499535057,0.09619450317124736,0.3326123899273907,0.6756756756756757,0.5153846153846153,0.37815126050420167,0.6890281428908896,0.5,0.33427119259393717,0.3565027787380009,0.23999999999999996,1.0,0.2744698834911239,0.6017388615333381,0.2546583850931677,0.3421763336738571,0.13593974175035867,0.0,0.6836778410685611,0.4112729216598569,0.4112729215957815,0.0,0.2239629200463499,0.9659090909090909,0.3023255813953488,0.03265895953757225,1.0,0.292657095787244,0.4815436854211545,0.4144609425435765,0.20119225037257826,0.23170731707317074,0.3801799668482122,0.22771977606294444,0.7272727272727273,0.32142857142857145,1.0,0.1,0.5384615384615384,0.5,0.0,0.0,0.0,1.0,1.0,0.031500742942050526,0.02504630448339088,0.4263157894736842,0.59375,0.4016393442622951,0.44385285575992267,0.15284846494828436,0.35615701738662847
Tb,0.775,0.43870967741935485,0.782051282051282,0.21846153846153846,0.7522522723178137,0.5101357634368607,0.09804439746300213,0.3712343581028889,0.6621621621621622,0.5076923076923077,0.37815126050420167,0.6383840765563786,0.46875,0.34920130695225987,0.3910708112851331,0.1942857142857142,0.6510410701199271,0.32716039378694506,0.6282796926663338,0.31714686252323837,0.29879557728638206,0.14454806312769009,0.0,0.6857527886449825,0.4076705440922646,0.4076705439796789,0.0,0.22105832370799539,0.9659090909090909,0.3023255813953488,0.017341040462427744,0.6055763345800749,0.28053659684631677,0.4705903830004747,0.40309877340219497,0.19523099850968703,0.21951219512195122,0.39290788538953353,0.21864124678468755,0.22727272727272727,0.35714285714285715,0.0,0.0,0.38461538461538464,0.6428571428571429,0.0,0.0,0.0,1.0,1.0,0.017533432392273403,0.02504630448339088,0.42105263157894735,0.56875,0.39344262295081966,0.4840271055179092,0.14792316532589067,0.39200573579494535
Dy,0.7875,0.43870967741935485,0.7692307692307693,0.2153846153846154,0.7699450208968107,0.42440022317277293,0.10412262156448203,0.3465162984705701,0.6486486486486487,0.5,0.36134453781512604,0.6042235555828741,0.46875,0.3637683790161554,0.3724572552982158,0.2457142857142857,0.5025708344936997,0.46718767613057843,0.6548443112348059,0.2670807453416149,0.310186817862254,0.16606886657101863,0.0,0.6880302312121949,0.4019114938524255,0.40191149376956936,0.0,0.21645422943221318,0.9659090909090909,0.3023255813953488,0.014739884393063582,0.569145577306067,0.2764179807013415,0.35132108997529427,0.2761781794706262,0.1937406855439642,0.1951219512195122,0.40948377930381247,0.21425329096686338,0.18181818181818182,0.39285714285714285,0.0,0.0,0.3076923076923077,0.7142857142857143,0.0,0.0,0.0,1.0,1.0,0.014561664190193162,0.02504630448339088,0.4105263157894737,0.61875,0.5573770491803278,0.4728944820909972,0.1553111147594812,0.3740813765907869
Ho,0.8,0.432258064516129,0.7435897435897436,0.21076923076923076,0.7819739517443046,0.4491352055049284,0.1014799154334038,0.3233431175652711,0.6486486486486487,0.49230769230769234,0.36134453781512604,0.6831235361796357,0.46875,0.3748865492829914,0.3565027787380009,0.2514285714285714,0.9037773750853445,0.45612773808065243,0.6813970360855397,0.27329192546583847,0.3227156656860492,0.17342180774748922,0.0,0.6900174147490111,0.39597324437282844,0.39597324416928065,0.0,0.21175743527230592,0.9659090909090909,0.3023255813953488,0.012427745664739887,0.5200854908437363,0.2706519180983761,0.36349142599827183,0.28934796642995486,0.19225037257824143,0.18292682926829268,0.42783566185176414,0.2101679527916477,0.13636363636363635,0.42857142857142855,0.0,0.0,0.23076923076923078,0.7857142857142857,0.0,0.0,0.0,1.0,1.0,0.011887072808320921,0.036680596792658296,0.4052631578947368,0.58125,0.36885245901639346,0.46369796708615674,0.15941553111147594,0.3579494533070443
Er,0.8125,0.4258064516129032,0.7307692307692307,0.20615384615384613,0.7934997158984044,0.4803793937139669,0.11205073995771671,0.30325969411401205,0.6283783783783784,0.4846153846153846,0.36134453781512604,0.5959289429870526,0.46875,0.38691232528589575,0.34054830217778603,0.2571428571428571,0.8468108496737856,0.40556270161549246,0.7079557077951427,0.2795031055900621,0.33579056498884774,0.3194045911047345,0.0,0.6911521439776696,0.39422240507053974,0.3942224047877924,0.0,0.21038238702201623,0.9659090909090909,0.3023255813953488,0.013294797687861275,0.5672026035847866,0.26547422923040714,0.382963963635036,0.3097482246610716,0.18926974664679583,0.17073170731707318,0.444115557660431,0.20593130579512786,0.09090909090909091,0.4642857142857143,0.0,0.0,0.15384615384615385,0.8571428571428571,0.0,0.0,0.0,1.0,1.0,0.01307578008915305,0.03435373833080481,0.4,0.59375,0.36885245901639346,0.45498547918683463,0.1651617140042686,0.3418175300233017
Tm,0.825,0.41935483870967744,0.717948717948718,0.20153846153846156,0.8017912259132329,0.31002417705039986,0.11469344608879493,0.28317627066275297,0.6351351351351351,0.47692307692307695,0.3445378151260504,0.4416965098829099,0.46875,0.39875658014158644,0.32459382561757116,0.26285714285714284,0.626204720740878,0.6536548411123401,0.734498917671686,0.2857142857142857,0.3474108438239682,0.26452654232424677,0.0,0.6985414595029208,0.3846205747770596,0.3846205747072817,0.0,0.20292004634994207,0.9659090909090909,0.3023255813953488,0.010982658959537574,0.5142565696798952,0.25923746763944455,0.27951610743972644,0.20103292446739832,0.18628912071535023,0.15853658536585366,0.448851527350225,0.21561507035860192,0.045454545454545456,0.5,0.0,0.0,0.07692307692307693,0.9285714285714286,0.0,0.0,0.0,1.0,1.0,0.010698365527488858,0.039007455254511776,0.3894736842105263,0.56875,0.36885245901639346,0.44675701839302995,0.3018336011351541,0.3256856067395591
Yb,0.8375,0.5290322580645161,0.7948717948717948,0.3046153846153846,0.8221375526874822,0.1697972847312628,0.0776955602536998,0.26618260466553373,0.6148648648648649,0.5230769230769231,0.3277310924369748,0.5425585362095453,0.46875,0.2918587765474678,0.30784162522934555,0.26857142857142857,0.4346361141333594,0.5843264733263352,0.7610552106377412,0.4031175893042509,0.3580057593262938,0.09989239598278335,0.0,0.9455050453126248,0.4345007689922704,0.4345007688962025,0.0,0.2431517960602549,0.9659090909090909,0.3023255813953488,0.00953757225433526,0.500170010200612,0.3890327135796658,0.19067265447198997,0.10213040671400903,0.4769001490312966,0.10975609756097561,0.23543689320388347,0.3024663337872598,0.0,0.5357142857142857,0.0,0.0,0.0,1.0,0.0,0.0,0.0,1.0,1.0,0.006240713224368497,0.0901983414152884,0.38421052631578945,0.575,0.4672131147540984,0.4375605033881898,0.06337218847479888,0.30955368345581646
Lu,0.85,0.4064516129032258,0.7051282051282052,0.19692307692307692,0.8316495116818221,0.5793193230425888,0.1226215644820296,0.28317627066275297,0.6148648648648649,0.46153846153846156,0.3445378151260504,0.6743679696378919,0.46875,0.42232710110727895,0.3272529050442737,0.2742857142857143,0.5003793919014305,0.28046287914319157,0.7875782011941294,0.13043478260869565,0.2323684148656448,0.29698708751793396,0.0,0.694497412340968,0.3734941924183018,0.37349419250232063,0.0010646418745808189,0.19443800695249128,0.9659090909090909,0.3023255813953488,0.009248554913294798,0.5059989313644533,0.25194163332548836,0.5010162230579187,0.4533247256294384,0.1818181818181818,0.14634146341463414,0.4837793038124556,0.1956423059464367,0.4090909090909091,0.5714285714285714,1.0,0.1,0.0,1.0,0.0,0.0,0.0,1.0,1.0,0.009212481426448737,0.036680596792658296,0.3736842105263158,0.5375,0.3524590163934426,0.5755082284607939,0.2710442213461751,0.3274780426599749
Hf,0.8625,0.3548387096774194,0.6282051282051282,0.1323076923076923,0.8490876082209301,0.9144504370466803,0.2864693446088795,0.13177815541479992,0.5337837837837838,0.38461538461538464,0.31932773109243695,0.5424264103609131,0.34375,0.5797785442003993,0.2235488074028771,0.2914285714285714,0.4408452014781217,0.31971035846265383,0.8133697281096125,0.31677018633540377,0.44460193984787894,0.45032281205164987,0.0,0.24735273707247335,0.2843353036392918,0.28433530356552217,0.0,0.13265353418308226,0.2727272727272727,0.2441860465116279,0.006358381502890171,0.4511099237382815,0.16839256295598967,0.6969586330278579,0.699677211103938,0.135618479880775,0.5121951219512195,0.65161022969453,0.12997427750037827,0.36363636363636365,0.6071428571428571,0.8888888888888888,0.2,0.0,1.0,0.0,0.0,0.0,1.0,1.0,0.006537890044576521,0.05296860602563267,0.3684210526315789,0.46875,0.2540983606557377,0.33397870280735736,0.1799376128714497,0.22530919519627174
Ta,0.875,0.23870967741935484,0.5512820512820513,0.09076923076923077,0.8612528979352644,0.956853263901804,0.5243128964059197,0.10814151089139502,0.5,0.3384615384615385,0.3025210084033613,0.4984458906019201,0.28125,0.731530223271011,0.16770813944212515,0.4057142857142857,0.49709222801302705,0.4348362977997431,0.8406895977544664,0.4409937888198758,0.5544947999972698,0.6183644189383071,0.0,0.09116943618648285,0.22052747151064528,0.22052747152368513,0.0,0.09483198146002318,0.14772727272727273,0.5,0.005202312138728328,0.4331374168164376,0.11226170863732642,0.9196757822483479,0.9109102646868947,0.15201192250372578,0.5365853658536586,0.878344778593417,0.09078529278256922,0.3181818181818182,0.6428571428571429,0.7777777777777778,0.3,0.0,1.0,0.0,0.0,0.0,1.0,1.0,0.004754829123328385,0.1320817937286511,0.3631578947368421,0.40625,0.1721311475409836,0.3480154888673766,0.2119520604170087,0.16974368166338052
W,0.8875,0.1870967741935484,0.48717948717948717,0.06969230769230768,0.8755674607652727,1.0,0.8150105708245243,0.08805808744013595,0.44594594594594594,0.2692307692307692,0.25210084033613445,0.43980519758992953,0.21875,0.8516064621528409,0.13314010689499295,0.897142857142857,0.5873540959842684,0.5122846569901487,0.8672684887842241,0.5652173913043478,0.6021923966881978,0.9006456241032997,0.0,0.0,0.1844222590796053,0.18442225885373273,0.0,0.0756431054461182,0.6818181818181818,0.4418604651162791,0.0028901734104046267,0.38019138291154614,0.09108025417745352,1.0,1.0,0.12965722801788376,0.573170731707317,1.0,0.06990467544257832,0.2727272727272727,0.6785714285714286,0.6666666666666666,0.4,0.0,1.0,0.0,0.0,0.0,1.0,1.0,0.0026745913818722166,0.3950167999180946,0.34210526315789475,0.43125,0.13934426229508196,0.31219748305905143,0.3575767525857823,0.13389496325506364
Re,0.9,0.16129032258064516,0.4358974358974359,0.059230769230769226,0.8872829394517135,0.9944206806769574,0.9735729386892178,0.07353622740614861,0.3716216216216216,0.2230769230769231,0.24369747899159663,0.36650433132494126,0.21875,0.9296605554547105,0.1065493126279682,0.6342857142857142,0.4656815508571708,0.5949660134231494,0.8938271604938274,0.6894409937888198,0.5975646104036458,0.5737087517934002,0.0,0.0446027425543452,0.15830055030265477,0.15830055020423206,0.0,0.06271147161066049,0.26136363636363635,0.32558139534883723,0.004335260115606908,0.4389663379802789,0.07766533301953402,0.8539559677242688,0.9005810200129115,0.07004470938897164,0.6097560975609756,0.9328084300260479,0.06067483734301709,0.22727272727272727,0.7142857142857143,0.5555555555555556,0.5,0.0,1.0,0.0,0.0,0.0,1.0,1.0,0.004160475482912337,0.11114006757196973,0.33157894736842103,0.38125,0.12295081967213115,0.24346563407550814,0.3186668855688721,0.10880086036924179
Os,0.9125,0.14838709677419354,0.3717948717948718,0.05276923076923076,0.9071947986640295,0.8828342942161056,0.7485408749592979,0.06133168546269118,0.32432432432432434,0.2076923076923077,0.2184873949579832,0.35184415807194364,0.1875,1.0,0.0852766772143484,0.8057142857142858,0.6391707560784697,0.628457195775757,0.9203983206070554,0.8757763975155282,0.6892876075892056,1.0,0.0,0.1430929521892156,0.14724860764314746,0.1472486076475698,0.0,0.0574739281575898,0.5113636363636364,1.0,0.0023121387283237013,0.40107835041531065,0.06695693104259827,0.8953351102023926,0.9173660426081343,0.06706408345752611,0.6707317073170732,0.8955126687189202,0.05401724920562869,0.18181818181818182,0.75,0.4444444444444444,0.6,0.0,1.0,0.0,0.0,0.0,1.0,1.0,0.0020802377414561686,0.20421440604610902,0.33157894736842103,0.375,0.10655737704918032,0.32381413359148115,0.33836808405844687,0.08729162932425166
Ir,0.925,0.15483870967741936,0.23076923076923078,0.05446153846153845,0.91702946539405,0.7160126464571323,0.8414376321353065,0.05175343735516762,0.30405405405405406,0.15384615384615385,0.21008403361344538,0.32252381156594834,0.21875,0.9931929569794882,0.06932220065413354,0.8057142857142858,0.7238700122696681,0.6472959858490991,0.9386878850591118,0.8757763975155282,0.7694949858064536,0.6999641319942611,0.0,0.33838936313147383,0.14962030371031687,0.14962030368928264,0.0,0.05858632676709155,0.5113636363636364,1.0,0.002601156069364164,0.4205080876281149,0.06789832901859262,0.732252607494493,0.7650096836668818,0.23099850968703425,0.7073170731707317,0.7048898887047123,0.055530337418671506,0.13636363636363635,0.7857142857142857,0.3333333333333333,0.7,0.0,1.0,0.0,0.0,0.0,1.0,1.0,0.0026745913818722166,0.34847963068102494,0.3157894736842105,0.33125,0.11475409836065574,0.18828654404646664,0.328927926448859,0.07115970604050904
Pt,0.9375,0.17419354838709677,0.19230769230769232,0.06307692307692307,0.9312196966547285,0.659661521294402,0.6035940803382664,0.04372006797466399,0.2702702702702703,0.16153846153846155,0.18487394957983194,0.36650433132494126,0.21875,0.9491740787801779,0.05070864466721621,0.8514285714285713,0.8269043381495176,0.6682279748194788,0.973477009443612,0.8757763975155282,0.7682481682627297,0.3602044476327116,0.0,0.5705527374129794,0.16529003536331582,0.1652900352849322,0.0,0.06609501738122828,0.5113636363636364,1.0,0.0031791907514450895,0.4574245883324428,0.08225464815250647,0.5691701047865932,0.6316333118140737,0.2429210134128167,0.7317073170731707,0.5160430973241772,0.06415494023301559,0.09090909090909091,0.8214285714285714,0.1111111111111111,0.9,0.0,1.0,0.0,0.0,1.0,0.5,1.0,0.0026745913818722166,0.16698467065645328,0.3157894736842105,0.25625,0.13934426229508196,0.14666021297192636,0.15284846494828436,0.05144291091593476
Au,0.95,0.21935483870967742,0.14102564102564102,0.07999999999999999,0.9405374816125883,0.46996466431095407,0.5771670190274842,0.0370770894484783,0.2702702702702703,0.16923076923076924,0.2605042016806723,0.5570865836139107,0.21875,0.8516064621528409,0.029701917196266657,1.0,0.8598910277696471,0.7906801102962011,1.0,1.0,0.8087060324278738,0.1875896700143472,0.0,0.8026185784402732,0.196077953090731,0.196077952909685,0.0,0.0816685979142526,0.011363636363636364,0.05813953488372093,0.002023121387283239,0.4359547287122945,0.10414215109437516,0.41095573648788447,0.37663008392511294,0.2667660208643815,0.7560975609756098,0.3066481174520483,0.08110152821909519,0.045454545454545456,0.8571428571428571,0.0,1.0,0.0,1.0,0.0,0.0,1.0,0.5,1.0,0.0014858841010401203,0.744045569196117,0.32105263157894737,0.275,0.1721311475409836,0.40755082284607946,0.07568543753078312,0.03889585947302384
Tl,0.975,0.38064516129032255,0.34615384615384615,0.18769230769230769,0.9772302965149544,0.21889529477403757,0.10940803382663848,0.049745095010041714,0.3310810810810811,0.3230769230769231,0.4369747899159664,0.9529112614448473,0.5625,0.5135233254674169,0.07118355625282528,0.4742857142857143,0.5071363398942602,0.9278254588909162,0.47713432764813624,0.6273291925465839,0.3358654953862442,0.036800573888091825,0.0,0.8797605806332203,0.3489082684384553,0.348908268320396,0.0,0.1763151796060255,0.625,0.6976744186046512,0.002023121387283239,0.47976878612716767,0.24029183337255824,0.19481056871980235,0.1364751452550032,0.1743666169895678,0.8536585365853658,0.08139947904333412,0.18716901195339686,0.22727272727272727,0.9285714285714286,0.0,1.0,0.0,1.0,1.0,0.3333333333333333,0.0,1.0,1.0,0.0011887072808320963,0.10648635064826277,0.22631578947368422,0.36875,0.30327868852459017,0.9177153920619555,0.0,0.07115970604050904
Pb,0.9875,0.4064516129032258,0.4358974358974359,0.20461538461538462,0.9911879010336546,0.271526873721406,0.11733615221987315,0.05360729182759153,0.33783783783783783,0.3230769230769231,0.37815126050420167,0.7623290091558779,0.2716641781035761,0.4908331820657106,0.05895179088999389,0.88,0.5034370313975286,0.7530025301495175,0.5036811056400011,0.6273291925465839,0.5343303323254133,0.04813486370157819,0.0,0.7680956593709409,0.3641349905088317,0.36413499047318426,0.0,0.18743916570104285,0.19318181818181818,0.1511627906976744,0.0023121387283237013,0.40107835041531065,0.26135561308543187,0.21355288619518786,0.15326016785022595,0.3964232488822653,0.9024390243902439,0.08851823348330569,0.20290512936904223,0.18181818181818182,0.9642857142857143,0.0,1.0,0.0,1.0,0.8,0.6666666666666666,0.0,1.0,1.0,0.010401188707280833,0.08089090756787447,0.2578947368421053,0.45,0.4262295081967213,0.89351403678606,0.03628304055163356,0.060046603333930824
Bi,1.0,0.3741935483870968,0.44871794871794873,0.2507692307692308,1.0,0.24734982332155478,0.0776955602536998,0.05036304650084968,0.35135135135135137,0.3769230769230769,0.42857142857142855,0.7330086626498825,0.375,0.4180885823198402,0.06666312122743107,0.7028571428571428,0.6103828704651275,0.8503362788617839,0.530239777349604,0.6894409937888198,0.5144404072027224,0.16169296987087517,0.0,0.7397203081588647,0.4214913240367127,0.4214913239065873,0.0,0.232305909617613,0.48863636363636365,0.6395348837209303,0.0,0.4409093117015592,0.3208990350670746,0.20649409130186083,0.17185280826339575,0.36661698956780925,0.9634146341463414,0.07189793985318493,0.24905431986684823,0.13636363636363635,1.0,0.0,1.0,0.0,1.0,0.6,1.0,0.0,1.0,1.0,0.0,0.018065729097830437,0.28421052631578947,0.4125,0.36065573770491804,0.9288480154888674,0.07978985388277787,0.06757483419967737
